Time,MSD
0.0,0.0
0.1,3.8412237053130984
0.2,6.739072465716423
0.30000000000000004,8.996163755999138
