Time,MSD
0.0,0.0
0.1,0.8701147788760514
0.2,0.9341446677591977
