,Time,Step,Temp,Press,PotEng,KinEng,E_vdwl,E_coul,E_mol,Volume,Density,c_virial
count,838862.0,838862.0,838862.0,838862.0,838862.0,838862.0,838862.0,838862.0,838862.0,838862.0,838862.0,838862.0
mean,3.3554439999980914e-08,16777219.999990463,422.67989676388805,-230.72989394186735,6151.810776670629,5038.454008380793,-148.48833108217386,2761.633485386,6443.931381196344,49249.25599972739,0.9706713199918655,-4907.332621804926
std,1.9372699607486806e-08,9686349.803743418,5.491328411906827,1154.1726869151732,71.73084235323785,65.45805905056994,28.992236129977783,11.117210860338961,70.9189083594269,2.7260846641773447e-07,8.134497927659162e-12,1152.488935406963
min,0.0,0.0,344.83733,-88050.293,5822.9605,4110.5505,-1120.8654,2692.6502,6077.7564,49249.256,0.97067132,-91865.632
25%,1.6777220000000003e-08,8388610.0,418.9517825,-1007.5616,6103.3017,4994.013925,-168.1164175,2754.1007,6396.0681,49249.256,0.97067132,-5682.949850000001
50%,3.3554440000000005e-08,16777220.0,422.65209500000003,-230.55618,6151.50195,5038.1226,-148.6894,2761.6032,6443.70835,49249.256,0.97067132,-4907.1574
75%,5.033166e-08,25165830.0,426.376735,545.9825475,6199.9429,5082.521325,-129.026315,2769.1019,6491.504125,49249.256,0.97067132,-4131.935775
max,6.7108864e-08,33554432.0,453.55748,12958.242,7734.0043,5406.5228,60.17343,2812.968,9073.6721,49249.256,0.97067132,8205.4999
