,Time,Step,Temp,Press,PotEng,KinEng,E_vdwl,E_coul,E_mol,Volume,Density,c_virial
count,838862.0,838862.0,838862.0,838862.0,838862.0,838862.0,838862.0,838862.0,838862.0,838862.0,838862.0,838862.0
mean,3.3554439999980914e-08,16777219.999990463,367.51145324616505,803.4792352450494,5069.218962073634,4380.8318513390395,-452.35949924806545,2500.0725624319016,5752.893583116156,44738.875,1.0685302000168633,-3672.668133721277
std,1.9372699607486806e-08,9686349.803743418,4.773375174175071,1174.254180811743,62.847572517618616,56.899870165869494,27.91215957718051,11.855393014213572,61.75875226851511,0.0,1.686318757226317e-11,1172.8572557168093
min,0.0,0.0,343.06437,-4465.1779,4780.6859,4089.4162,-575.33908,2451.3041,5427.9798,44738.875,1.0685302,-8883.8039
25%,1.6777220000000003e-08,8388610.0,364.28417,11.9226015,5026.6666000000005,4342.3618,-471.3114775,2492.0504,5711.156349999999,44738.875,1.0685302,-4463.512775
50%,3.3554440000000005e-08,16777220.0,367.485955,801.3759299999999,5068.906300000001,4380.5279,-452.53490999999997,2500.1942,5752.6949,44738.875,1.0685302,-3674.10955
75%,5.033166e-08,25165830.0,370.7166075,1593.7195,5111.499575,4419.03815,-433.62396,2508.1962,5794.330775,44738.875,1.0685302,-2883.1818749999998
max,6.7108864e-08,33554432.0,390.25168,16009.176,5386.9571,4651.9013,-236.44305,2556.1859,6080.2111,44738.875,1.0685302,11809.984
