Time,MSD
0.0,0.0
0.1,1.2459977000330298
0.2,2.0150665775160532
0.30000000000000004,2.2960019548100736
0.4,2.7447907013059254
