,Time,Step,Temp,Press,PotEng,KinEng,E_vdwl,E_coul,E_mol,Volume,Density,c_virial
count,838862.0,838862.0,838862.0,838862.0,838862.0,838862.0,838862.0,838862.0,838862.0,838862.0,838862.0,838862.0
mean,3.3554439999980914e-08,16777219.999990463,459.42311205009577,-208.44640671476952,6730.257873582672,5476.442665373053,-43.56218738286052,2771.3951725750244,6892.013103369379,50694.08100066488,0.9430063399866024,-5146.7085634196355
std,1.9372699607486806e-08,9686349.803743418,5.974451293829523,1172.882956614785,77.84401865403426,71.21700917542216,30.102562533232785,11.241336053005062,76.93203920045279,6.648846790433979e-07,1.3397624335140599e-11,1171.0829480965617
min,0.0,0.0,344.88141,-116647.14,6354.9581,4111.0759,-1289.7442,2681.2999,6514.3248,50694.081,0.94300634,-120354.22
25%,1.6777220000000003e-08,8388610.0,455.3762475,-992.5571075,6677.57025,5428.203,-63.9389155,2763.7771249999996,6840.06225,50694.081,0.94300634,-5929.684775
50%,3.3554440000000005e-08,16777220.0,459.390685,-208.94308,6729.89595,5476.0561,-43.7772155,2771.36405,6891.6934,50694.081,0.94300634,-5146.5365
75%,5.033166e-08,25165830.0,463.4383975,577.9357075,6782.565625,5524.30595,-23.38844375,2778.9571,6943.54535,50694.081,0.94300634,-4362.229275
max,6.7108864e-08,33554432.0,540.06115,17868.841,9973.4142,6437.669,253.77767,2825.5627,11479.764,50694.081,0.94300634,12518.868
